{
  "heavy_chain_confidence": {
    "values": [
      0.85,
      0.85,
      0.85,
      0.85,
      0.85,
      0.85,
      0.85,
      0.85,
      0.85,
      0.85,
      0.85,
      0.85
    ],
    "timestamps": [
      0.0007479190826416016,
      0.0011034011840820312,
      0.040699005126953125,
      0.041150808334350586,
      0.04149580001831055,
      0.04176616668701172,
      0.0424957275390625,
      0.04280495643615723,
      0.053606271743774414,
      0.05390501022338867,
      1.1579811573028564,
      1.1582767963409424
    ],
    "summary": {
      "average": 0.8499999999999998,
      "min": 0.85,
      "max": 0.85,
      "count": 12,
      "latest": 0.85
    }
  },
  "light_chain_confidence": {
    "values": [
      0.85,
      0.85,
      0.85,
      0.85,
      0.85,
      0.85,
      0.85,
      0.85,
      0.85,
      0.85,
      0.85,
      0.85
    ],
    "timestamps": [
      0.0007891654968261719,
      0.001142740249633789,
      0.04082846641540527,
      0.04118204116821289,
      0.04152965545654297,
      0.041795969009399414,
      0.04253196716308594,
      0.04284024238586426,
      0.053650617599487305,
      0.0539398193359375,
      1.1580243110656738,
      1.1583120822906494
    ],
    "summary": {
      "average": 0.8499999999999998,
      "min": 0.85,
      "max": 0.85,
      "count": 12,
      "latest": 0.85
    }
  },
  "structure_stability": {
    "values": [
      0.68,
      0.68,
      0.68,
      0.68,
      0.68,
      0.68,
      0.68,
      0.68,
      0.68,
      0.68,
      0.68,
      0.68
    ],
    "timestamps": [
      0.0008227825164794922,
      0.0011777877807617188,
      0.040854454040527344,
      0.04120302200317383,
      0.04155087471008301,
      0.04181718826293945,
      0.042558908462524414,
      0.04286599159240723,
      0.053678274154663086,
      0.053972482681274414,
      1.1580493450164795,
      1.158339262008667
    ],
    "summary": {
      "average": 0.6799999999999998,
      "min": 0.68,
      "max": 0.68,
      "count": 12,
      "latest": 0.68
    }
  },
  "generation_1_best_fitness": {
    "values": [
      0.8281991781750682
    ],
    "timestamps": [
      0.0429234504699707
    ],
    "summary": {
      "average": 0.8281991781750682,
      "min": 0.8281991781750682,
      "max": 0.8281991781750682,
      "count": 1,
      "latest": 0.8281991781750682
    }
  },
  "generation_1_avg_fitness": {
    "values": [
      0.6554725500309863
    ],
    "timestamps": [
      0.042951107025146484
    ],
    "summary": {
      "average": 0.6554725500309863,
      "min": 0.6554725500309863,
      "max": 0.6554725500309863,
      "count": 1,
      "latest": 0.6554725500309863
    }
  },
  "generation_1_best_binding": {
    "values": [
      -12.357331360499161
    ],
    "timestamps": [
      0.04299044609069824
    ],
    "summary": {
      "average": -12.357331360499161,
      "min": -12.357331360499161,
      "max": -12.357331360499161,
      "count": 1,
      "latest": -12.357331360499161
    }
  },
  "generation_1_best_stability": {
    "values": [
      0.68
    ],
    "timestamps": [
      0.04301595687866211
    ],
    "summary": {
      "average": 0.68,
      "min": 0.68,
      "max": 0.68,
      "count": 1,
      "latest": 0.68
    }
  },
  "generation_2_best_fitness": {
    "values": [
      0.8693794541071994
    ],
    "timestamps": [
      0.054030656814575195
    ],
    "summary": {
      "average": 0.8693794541071994,
      "min": 0.8693794541071994,
      "max": 0.8693794541071994,
      "count": 1,
      "latest": 0.8693794541071994
    }
  },
  "generation_2_avg_fitness": {
    "values": [
      0.7021113009702066
    ],
    "timestamps": [
      0.054060935974121094
    ],
    "summary": {
      "average": 0.7021113009702066,
      "min": 0.7021113009702066,
      "max": 0.7021113009702066,
      "count": 1,
      "latest": 0.7021113009702066
    }
  },
  "generation_2_best_binding": {
    "values": [
      -11.193429761472377
    ],
    "timestamps": [
      0.05408668518066406
    ],
    "summary": {
      "average": -11.193429761472377,
      "min": -11.193429761472377,
      "max": -11.193429761472377,
      "count": 1,
      "latest": -11.193429761472377
    }
  },
  "generation_2_best_stability": {
    "values": [
      0.9224127870574997
    ],
    "timestamps": [
      0.05411076545715332
    ],
    "summary": {
      "average": 0.9224127870574997,
      "min": 0.9224127870574997,
      "max": 0.9224127870574997,
      "count": 1,
      "latest": 0.9224127870574997
    }
  },
  "generation_3_best_fitness": {
    "values": [
      0.8244719435246628
    ],
    "timestamps": [
      1.1584012508392334
    ],
    "summary": {
      "average": 0.8244719435246628,
      "min": 0.8244719435246628,
      "max": 0.8244719435246628,
      "count": 1,
      "latest": 0.8244719435246628
    }
  },
  "generation_3_avg_fitness": {
    "values": [
      0.700485130861574
    ],
    "timestamps": [
      1.1584300994873047
    ],
    "summary": {
      "average": 0.700485130861574,
      "min": 0.700485130861574,
      "max": 0.700485130861574,
      "count": 1,
      "latest": 0.700485130861574
    }
  },
  "generation_3_best_binding": {
    "values": [
      -14.040436181451025
    ],
    "timestamps": [
      1.1584553718566895
    ],
    "summary": {
      "average": -14.040436181451025,
      "min": -14.040436181451025,
      "max": -14.040436181451025,
      "count": 1,
      "latest": -14.040436181451025
    }
  },
  "generation_3_best_stability": {
    "values": [
      0.68
    ],
    "timestamps": [
      1.1584928035736084
    ],
    "summary": {
      "average": 0.68,
      "min": 0.68,
      "max": 0.68,
      "count": 1,
      "latest": 0.68
    }
  }
}