{
  "heavy_chain_prediction_time": {
    "values": [
      3.8490971446562434,
      3.762159697159203
    ],
    "timestamps": [
      1.016726016998291,
      3.902101993560791
    ],
    "summary": {
      "average": 3.8056284209077234,
      "min": 3.762159697159203,
      "max": 3.8490971446562434,
      "count": 2,
      "latest": 3.762159697159203
    }
  },
  "light_chain_prediction_time": {
    "values": [
      1.5828723727886,
      4.520113659411914
    ],
    "timestamps": [
      1.016770601272583,
      3.9021401405334473
    ],
    "summary": {
      "average": 3.051493016100257,
      "min": 1.5828723727886,
      "max": 4.520113659411914,
      "count": 2,
      "latest": 4.520113659411914
    }
  },
  "total_prediction_time": {
    "values": [
      0.018634557723999023,
      0.003656625747680664
    ],
    "timestamps": [
      1.0167922973632812,
      3.902162790298462
    ],
    "summary": {
      "average": 0.011145591735839844,
      "min": 0.003656625747680664,
      "max": 0.018634557723999023,
      "count": 2,
      "latest": 0.003656625747680664
    }
  },
  "heavy_chain_confidence": {
    "values": [
      0.8009441717003438,
      0.8778568831969726
    ],
    "timestamps": [
      1.0168144702911377,
      3.902189254760742
    ],
    "summary": {
      "average": 0.8394005274486582,
      "min": 0.8009441717003438,
      "max": 0.8778568831969726,
      "count": 2,
      "latest": 0.8778568831969726
    }
  },
  "light_chain_confidence": {
    "values": [
      0.840862005552931,
      0.8883948426140647
    ],
    "timestamps": [
      1.0168344974517822,
      3.902221202850342
    ],
    "summary": {
      "average": 0.8646284240834978,
      "min": 0.840862005552931,
      "max": 0.8883948426140647,
      "count": 2,
      "latest": 0.8883948426140647
    }
  },
  "evolution_time": {
    "values": [
      1.834409475326538,
      2.1137359142303467
    ],
    "timestamps": [
      2.911425828933716,
      6.03484034538269
    ],
    "summary": {
      "average": 1.9740726947784424,
      "min": 1.834409475326538,
      "max": 2.1137359142303467,
      "count": 2,
      "latest": 2.1137359142303467
    }
  },
  "num_optimized_antibodies": {
    "values": [
      4,
      3
    ],
    "timestamps": [
      2.911452293395996,
      6.034873723983765
    ],
    "summary": {
      "average": 3.5,
      "min": 3,
      "max": 4,
      "count": 2,
      "latest": 3
    }
  },
  "best_binding_energy": {
    "values": [
      -14.716787783379935,
      -14.040436181451025
    ],
    "timestamps": [
      2.9114723205566406,
      6.034895658493042
    ],
    "summary": {
      "average": -14.37861198241548,
      "min": -14.716787783379935,
      "max": -14.040436181451025,
      "count": 2,
      "latest": -14.040436181451025
    }
  },
  "best_stability": {
    "values": [
      0.7312899122382421,
      0.68
    ],
    "timestamps": [
      2.9114930629730225,
      6.034916639328003
    ],
    "summary": {
      "average": 0.7056449561191211,
      "min": 0.68,
      "max": 0.7312899122382421,
      "count": 2,
      "latest": 0.68
    }
  },
  "best_developability": {
    "values": [
      0.7408212690295469,
      0.7176496155062277
    ],
    "timestamps": [
      2.911512613296509,
      6.034936428070068
    ],
    "summary": {
      "average": 0.7292354422678873,
      "min": 0.7176496155062277,
      "max": 0.7408212690295469,
      "count": 2,
      "latest": 0.7176496155062277
    }
  },
  "cocktail_optimization_time": {
    "values": [
      0.000240325927734375,
      0.000240325927734375
    ],
    "timestamps": [
      2.9198954105377197,
      6.045377731323242
    ],
    "summary": {
      "average": 0.000240325927734375,
      "min": 0.000240325927734375,
      "max": 0.000240325927734375,
      "count": 2,
      "latest": 0.000240325927734375
    }
  },
  "cocktail_antibody_count": {
    "values": [
      0,
      0
    ],
    "timestamps": [
      2.9199235439300537,
      6.045413017272949
    ],
    "summary": {
      "average": 0.0,
      "min": 0,
      "max": 0,
      "count": 2,
      "latest": 0
    }
  },
  "cocktail_average_coverage": {
    "values": [
      0.0,
      0.0
    ],
    "timestamps": [
      2.9199485778808594,
      6.045434951782227
    ],
    "summary": {
      "average": 0.0,
      "min": 0.0,
      "max": 0.0,
      "count": 2,
      "latest": 0.0
    }
  },
  "total_pipeline_time": {
    "values": [
      3.642202854156494
    ],
    "timestamps": [
      6.570606708526611
    ],
    "summary": {
      "average": 3.642202854156494,
      "min": 3.642202854156494,
      "max": 3.642202854156494,
      "count": 1,
      "latest": 3.642202854156494
    }
  }
}