{
  "label_counts": {
    "Broad-spectrum": 263,
    "Conformational": 980,
    "Linear": 956,
    "Mixed": 991,
    "Specific": 303
  },
  "class_weights": {
    "Broad-spectrum": 2.656273764258555,
    "Conformational": 0.7128571428571429,
    "Linear": 0.7307531380753138,
    "Mixed": 0.7049445005045408,
    "Specific": 2.3056105610561057
  }
}