{
  "label_counts": {
    "Cysteine-Rich Secretory Protein": 757,
    "Disintegrin": 242,
    "Kunitz-type Serine Protease Inhibitor": 86,
    "Phospholipase A2": 430,
    "Snake Venom Metalloproteinase": 954,
    "Snake Venom Serine Protease": 914,
    "Three-Finger Toxin": 110
  },
  "class_weights": {
    "Cysteine-Rich Secretory Protein": 0.6591809775429326,
    "Disintegrin": 2.06198347107438,
    "Kunitz-type Serine Protease Inhibitor": 5.8023255813953485,
    "Phospholipase A2": 1.1604651162790698,
    "Snake Venom Metalloproteinase": 0.5230607966457023,
    "Snake Venom Serine Protease": 0.5459518599562363,
    "Three-Finger Toxin": 4.536363636363636
  }
}